id,firstname,lastname,email,url,descriptions,calls_number
36f5b67c-7b35-4e96-95d7-2491cec06bc4,Orelia,Magnolia,Orelia.Magnolia@yopmail.com,https://gorest.co.in/public-api/products?description,cras;centum;versus;temp,2
9da120e5-8034-4d7c-b2aa-402b90d352c6,Tracey,Jammal,Tracey.Jammal@yopmail.com,https://gorest.co.in/public-api/products?description,cras;centum;versus;temp,3
d09ccb01-d643-463e-8765-22866db14fa5,Jacquetta,Lorain,Jacquetta.Lorain@yopmail.com,https://gorest.co.in/public-api/products?description,cras;centum;versus;temp,4
77797e3f-9f4c-4b41-95c6-040b1b435b27,Marylou,Bobbee,Marylou.Bobbee@yopmail.com,https://gorest.co.in/public-api/products?description,cras;centum;versus;temp,4
8954a0d2-8523-4724-bf14-68911d6c4127,Babita,Salvidor,Babita.Salvidor@yopmail.com,https://gorest.co.in/public-api/products?description,cras;centum;versus;temp,1
f277f8d9-9777-4b6f-bedc-043bb8998f95,Arlina,Burkle,Arlina.Burkle@yopmail.com,https://gorest.co.in/public-api/products?description,cras;centum;versus;temp,2
29f0d6a0-2852-4d15-8ed0-0a52602cff62,Tami,Waldron,Tami.Waldron@yopmail.com,https://gorest.co.in/public-api/products?description,cras;centum;versus;temp,1
d831ebb9-cb7e-4f5f-aad0-3b5b76f9cc3c,Tarra,Cassius,Tarra.Cassius@yopmail.com,https://gorest.co.in/public-api/products?description,cras;centum;versus;temp,2
9579ec52-3274-49c7-b6d9-76042b596f72,Wendi,Saunderson,Wendi.Saunderson@yopmail.com,https://gorest.co.in/public-api/products?description,cras;centum;versus;temp,1
d6bfd71a-087f-472d-8e28-719c96592d88,Nikki,Billye,Nikki.Billye@yopmail.com,https://gorest.co.in/public-api/products?description,cras;centum;versus;temp,5